Name,Tags,repetition,count
13세 헬로워크,,,1
1년 안에 AI 빅데이터 전문가가 되는 법,,,1
1등의 습관,,,1
1만 시간의 재발견,,,1
2017 오늘의 좋은 시,,,1
2019 사회조사분석사 2급 2차 실기 한권으로 끝내기,,,1
2020 빅데이터분석기사 한권으로 끝내기,,,1
2020 시나공 정보처리기사 실기,,,1
2020 NCS 정보처리기사 필기,,,1
7가지 동시성 모델,,,1
"80,000 hours",,,1
8주 마음챙김 워크북,,,1
가상 면접 사례로 배우는 대규모 시스템 설계 기초,,,1
"가운데 땅 시리즈(호빗, 반지의 제왕, 실마릴리온)",,,1
가운데 땅을 여행하는 한국인을 위한 요정어 안내서,,,1
가을철 한정 구리킨톤 사건(상),,,1
가을철 한정 구리킨톤 사건(하),,,1
갈등하는 번역,,,1
감사 노트,,,1
감정은 어떻게 만들어지는가,,,1
강철의 연금술사 1~18,,,18
개발자에서 아키텍트로,,,1
객체지향의 사실과 오해,,,1
거대괴수 앤솔로지,,,1
거장처럼 써라,,,1
거짓말쟁이 미군과 고장난 마짱 1~7,,,7
"검색, 사전을 삼키다",,,1
검은 사기1~15,,,15
겁스 - 마법,,,1
겁스 - 무한세계,,,1
겁스 - 추리와 수사,,,1
겁스 기본세트,,,1
겁스 실피에나,,,1
결정적 순간의 대화,,,1
결혼해도 오타쿠랍니다 1~10,,,10
경계의 린네 1~2,,,2
경관의 조건,,,1
경관의 피,,,1
경제학 콘서트,,,1
경험과 사례로 풀어낸 성공하는 애자일,,,1
계몽주의 2.0,,,1
고(GO),,,1
고객과 함께하는 도메인 특화 언어,,,1
고마워요 대소동 해결단,,,1
고마워요 대소동 해결단 극한 리플레이,,,1
고민해결! 마법서점,,,1
고민해결! 마법서점 리플레이,,,1
고슴도치를 위한 정의,,,1
고용면접의 구조와 과정,,,1
"공의 경계 상/하, 미래복음",,,1
과학으로 만드는 비행기,,,1
관계형 데이터 베이스 실전 입문,,,1
괴물과 함께 살기,,,1
교수의 으뜸 원리,,,1
구글 엔지니어는 이렇게 일한다,,,1
구글은 소프트웨어를 어떻게 테스트하는가,,,1
구석의 노인 사건집,,,1
권력이동,,,1
글쓰기 공작소,,,1
긍정의 배신,,,1
기계학습을 다시 묻다,,,1
기동형 페이트,,,1
기브 앤 테이크,,,1
기초부터 완성까지 프런트엔드,,,1
기후변화 플레이북,,,1
김수영 전집(시),,,1
꼭 읽어야 할 인문고전 - 동양편 1~8,,,8
꽃과 강아지,,,1
끝도 없는 일 깔끔하게 해치우기,,,1
나 지금 이대로 괜찮은 사람,,,1
나나히메 1~4,,,4
나는 선생님이 좋아요,,,1
나는 선생님이 좋아요(신판),,,1
나는 어떻게 글을 쓰게 되었나,,,1
나는 오늘도 하드보일드를 읽는다,,,1
나를 바꾸는 글쓰기 공작소,,,1
나오키의 대중문학 강의,,,1
나의 친애하는 비건 친구들에게,,,1
나의 행복한 물리학 특강,,,1
나카지마 아쓰시 작품집 1~2,,,2
낙원의 샘,,,1
낯선 땅 이방인,,,1
내가 죽인 소녀,,,1
너와 나 1~9,,,9
네트워크 분석,,,1
네트워킹과 웹 성능 최적화 기법,,,1
노동자의 변호사들,,,1
노인의 전쟁,,,1
논리적 추론과 증명,,,1
논변의 사용,,,1
논증의 탄생,,,1
놀라움의 해부,,,1
누메네라,,,1
누메네라 글리머 컬렉션 - 기이한 이야기들,,,1
뉴로맨서,,,1
늑대와 향신료 1~2,,,2
늦은 밤 잠 못 드는 아이들,,,1
다른 십대의 탄생,,,1
다섯 개의 별,,,1
다이디 타운,,,1
다정한 것이 살아남는다,,,1
다중인격 탐정 사이코 - 아마미야 카즈히코의 귀환,,,1
단락이론,,,1
달라이 라마의 불교강의,,,1
달라이 라마의 행복론,,,1
달라이라마 반야심경,,,1
달은 무자비한 밤의 여왕,,,1
당신 인생의 이야기,,,1
당신과 꼭 결혼하고 싶습니다,,,1
당신도 해리포터를 쓸 수 있다,,,1
당신을 기다리고 있어,,,1
당신의 苦를 삽니다,,,1
대수학자2,,,1
대실 해밋(현대문학 단편선),,,1
대통령 항문에 사보타지,,,1
더블스타,,,1
던전월드,,,1
던전월드 - 태양의 사막 별의 바다,,,1
데스매치로 속죄하라,,,1
데이터 분석 준전문가,,,1
데이터 중심 애플리케이션 설계,,,1
도덕철학사 강의,,,1
도메인 주도 설계 철저 입문,,,1
도메인 주도 설계 첫걸음,,,1
도메인주도설걔,,,1
독 초콜릿 살인사건,,,1
독학사 컴퓨터 과학,,,1
동기강화 상담 기술훈련,,,1
동서 미스터리 북스 1~130,,,13
두 사람의 거리 추정,,,1
듀라라라 1~9,,,9
디지털논리회로와 컴퓨터설계,,,1
똑똑한 인지행동치료,,,1
라마와의 랑데부,,,1
라이트노벨 안내서,,,1
러닝 스파크,,,1
레이디 킬러,,,1
레이먼드 챈들러(현대문학 단편선),,,1
로그호라이즌1~6,,,6
룬샷,,,1
룬의 아이들 - 블러디드 1~5,,,5
룬의 아이들 데모닉 1~8,,,8
룬의 아이들 윈터러 1~7,,,7
룬의 아이들 윈터러 세트(2019),,,1
류비세프,,,1
리눅스 커맨드 라인 입문서,,,1
리버보이,,,1
리액트 네이티브를 다루는 기술,,,1
리팩터링 2판,,,1
마계도시 블루스 1~6,,,6
마법사들,,,1
마법진 구루구루 1~16,,,16
마션,,,1
마시멜로 테스트,,,1
마쓰모토 세이초 걸작 단편 컬렉션(상),,,1
마쓰모토 세이초 걸작 단편 컬렉션(중),,,1
마쓰모토 세이초 걸작 단편 컬렉션(하),,,1
마약밀매인,,,1
마음에서 빠져나와 삶 속으로 들어가라,,,1
마음의 지배자,,,1
마음챙김과 비폭력 대화,,,1
마지막 행셩,,,1
만들면서 배우는 클린 아키텍처,,,1
만들면서 배우는 픽셀아트,,,1
만들어진 신,,,1
만만한 경제학,,,1
만캐셍,,,1
만화 캐릭터 데셍,,,1
만화로 배우는 이야기 학교,,,1
만화의 이해,,,1
매개하라,,,1
매음녀가 있는 밤의 시장,,,1
머릿속 정리의 기술,,,1
머신러닝 탐구생활,,,1
멀리 돌아가는 히나,,,1
멋진 징조들,,,1
메르시아의 별,,,1
메타인지 학습법,,,1
모더니티의 지층들,,,1
모던 자바스크립트 deep dive,,,1
모던자바 인 액션,,,1
모든 것의 종말1~2,,,2
모든 것이 되는 법,,,1
모스경감 시리즈 1~4,,,4
무랑가시아 송,,,1
무안만용 가르바니온,,,1
무협 안내서,,,1
문학과 지성사 한국문학선집 시,,,1
물리와 함께하는 50일,,,1
물은 H2O인가,,,1
미래의 피해자들은 이겼다,,,1
미스터리 안내서,,,1
민주주의 모델들,,,1
민주주의의 모델들,,,1
밀실살인게임,,,1
밑바닥부터 만드는 인터프리터 in go,,,1
밑바닥부터 만드는 컴파일러 in go,,,1
밑바닥부터 시작하는 데이터 과학,,,1
바람의 열두 방향,,,1
바른 마음,,,1
바보의 엔드 크레디트,,,1
바카노 1~8,,,8
반환점1997~2008,,,1
밤의 마녀들,,,1
방각본 살인사건(상),,,1
방각본 살인사건(하),,,1
배우수업,,,1
뱀프 1~4,,,4
버트 도드슨의 드로잉 수업,,,1
번역자를 위한 우리말 공부,,,1
벚꽃사중주 5~7,,,3
베트남어 독학 첫걸음,,,1
봄철 한정 딸기타르트 사건,,,1
부기팝은 웃지 않는다 1~11,,,11
부러진 용골,,,1
부호형사,,,1
분노수업,,,1
붉은 머리 가문의 비극,,,1
브라운 신부 전집 1~5,,,5
블러디머더,,,1
블루 오션 전략,,,1
블루오션 시프트,,,1
비밀사랑,,,1
비숍 살인사건,,,1
비즈니스 모델 100,,,1
비폭력 대화,,,1
비폭력대화,,,1
비폭력대화 워크북,,,1
비폭력의 힘,,,1
빅오픽,,,1
빙과,,,1
빼앗긴 자들,,,1
사기 상/하,,,1
사기꾼,,,1
사람을 배려하는 디자인,,,1
사랑 받을 권리,,,1
사마귀의 나라,,,1
사슴벌레 장수풍뎅이 키우기,,,1
사진과 그림으로 보는 케임브리지 이슬람사,,,1
"사회, 학습, 전문성, 교육, 자기개발 ",,,1
사회심리학,,,1
사회정의의 철학적 기초,,,1
"사회조사분석사 필기, 실기",,,1
산연기,,,1
산월기,,,1
살의의 쐐기,,,1
살인의 역사,,,1
살인자에게 정의는 없다,,,1
살인자의 보수,,,1
살인자의 선택,,,1
살인해드립니다,,,1
삶은 왜 의미 있는가,,,1
삶은 왜 의미있는가,,,1
삶을 풍요롭게 하는 교육,,,1
상복의 랑데부,,,1
샌드위치 어떻게 조립해야 하나,,,1
서브컬쳐계를 여행하는 히치하이커를 위한 가이드,,,1
서양철학사,,,1
서양철학사(힐쉬베르거)1~2,,,2
서형일의 공부공감,,,1
선거 살인사건,,,1
섬을 삼킨 돌고래(인간 동물원),,,1
성격의 탄생,,,1
성공으로 이끄는 팀 개발 실천 기술,,,1
성공하는 프로그래밍 공부법,,,1
성과 향상을 위한 코칭 리더십,,,1
성방현의 오카리나 마스터,,,1
성인 ADHD 대처 기술 입문서,,,1
세계 만화 학원,,,1
세계 만화학원,,,1
세븐 킹덤의 기사,,,1
세상에서 가장 재미있는 과학만화 1~7,,,7
세월의 돌 1~10,,,10
세이브 더 캣,,,1
센스 앤 넌센스,,,1
셰익스피어 4대 비극,,,1
소설쓰기의 모든 것,,,1
소설쓰기의 모든 것 1~4,,,4
소통,,,1
소프트웨어 개발자 테스팅,,,1
소프트웨어 스펙의 모든 것,,,1
속물도감 1~2,,,2
쇼코의 미소,,,1
수리물리학,,,1
수리물리학 연습문제 풀이집,,,1
수족관의 살인,,,1
수학독본 1~6,,,6
수학없는 물리,,,1
순수 함수형 데이터 구조,,,1
숨,,,1
슈퍼 예측,,,1
스즈미야 하루히의 우울,,,1
스칼라로 배우는 함수형 프로그래밍,,,1
스케치 쉽게 하기,,,1
스쿨 하프보일드,,,1
스타십 트루퍼스,,,1
스타일 레슨,,,1
스토리 메이커,,,1
스토리 트레이닝 실전편,,,1
스토리 트레이닝 이론편,,,1
스토리메이커,,,1
스프링 부트와 AWS로 혼자 구현하는 웹 서비스,,,1
스프링 인 액션,,,1
스프링으로 하는 마이크로 서비스 구축,,,1
스피드(SPEED),,,1
슬픔을 공부하는 슬픔,,,1
승자 독식 사회,,,1
시간을 달리는 소녀,,,1
"시간을 정복한 남자, 류비세프",,,1
시간의 딸,,,1
시계관의 살인,,,1
시나리오 가이드,,,1
시나리오 어떻게 쓸 것인가,,,1
시나리오란 무엇인가,,,1
시인장의 살인,,,1
시클,,,1
신곡철사(카미야 사토시) 작품집,,,1
신기한 과학도구 앤솔로지,,,1
신들의 전쟁1-2,,,1
신뢰할 수 있는 소프트웨어 출시,,,1
신의 망치,,,1
신호와 소음,,,1
실무자를 위한 그래프 데이터 활용법,,,1
실용주의 단위 테스트,,,1
실용주의 프로그래머,,,1
실종일기,,,1
심리학 개론(쉑터),,,1
심리학이 이렇게 쓸모 있을 줄이야,,,1
심플 아트 오브 머더,,,1
쏟아지는 일 완벽하게 해내는 법,,,1
쓸모없는 것의 가치,,,1
씨앗,,,1
씽크 어게인,,,1
아기판다 푸바오,,,1
아나토미 필라테스 가이드,,,1
아르테미스,,,1
아리의 인형접기,,,1
아무도 기획하지 않은 자유,,,1
아이의 뼈,,,1
아즈망가 대왕 1~4,,,4
아카를 이용한 마이크로 서비스 개발,,,1
아포칼립스 월드,,,1
아픔이 길이 되려면,,,1
아함경,,,1
안방극장 대모험,,,1
안전한 웹을 위한 코딩 한줄의 정석,,,1
암석의 미시세계,,,1
애자일 조직은 이렇게 일합니다,,,1
앤디 필드의 유쾌한 R 통계학,,,1
야경,,,1
양자역학,,,1
얘들아 너희가 나쁜 게 아니야,,,1
어떻게 공부할 것인가,,,1
어떻게 문제를 풀 것인가,,,1
어린왕자,,,1
어린왕자(황현산),,,1
업무 시각화,,,1
에듀윌 2주끝장 한국어 능력시험,,,1
에스피(SP),,,1
엘라스틱 서치 실무 가이드,,,1
엘러리퀸 미스터리 매거진,,,1
여름으로 가는 문,,,1
여름철 한정 트로피컬 파르페 사건,,,1
여자 주인공만 모른다,,,1
여행가,,,1
역시 내 청춘 러브코미디는 잘못됐다,,,1
"연기, 흙, 혹은 먹이",,,1
영국식 살인,,,1
영단기 토플 Listening,,,1
영단기 토플 VOCA,,,1
영어 듣기 발음 메뉴얼,,,1
영어노출 훈련법,,,1
영어듣기발음 절대 메뉴얼,,,1
영어회화패턴500+,,,1
영원한 전쟁,,,1
영화 수업,,,1
영화수업,,,1
영화의 이해,,,1
영화처럼,,,1
옆자리 괴물군 1~13,,,13
옆집 누나 앤솔로지,,,1
오른쪽 두뇌로 그림 그리기,,,1
오리가미 벅스 앤 비스트(Origami Bugs&Beast),,,1
오리가미 주얼리(ORIGAMI JEWELRY),,,1
오리온자리에서 왼쪽으로,,,1
오브젝트,,,1
오시리스의 눈,,,1
오쓰카에이지 - 순문학의 죽음 오타쿠 스토리텔링을 말하다,,,1
오카리나 연주곡집,,,1
온도계의 철학,,,1
왜 나는 항상 결심만 할까,,,1
왜 종교는 과학이 되려 하는가,,,1
외계행성,,,1
우뇌로 그림그리기,,,1
우리가 사랑할 때 물어야 할 여덟 가지,,,1
우리가 서로에게 지는 의무,,,1
우리는 맞고 너희는 틀렸다,,,1
우리는 언제나 성에 살았다,,,1
우리들은 모두 카와이네1~4,,,4
우리의 뇌는 어떻게 배우는가,,,1
우울할 땐 뇌과학,,,1
"우주복 있음, 출장가능",,,1
우주아이돌 배달작전,,,1
웃지마,,,1
워드 스마트,,,1
워킹 1~13,,,13
원초적 본능,,,1
웹 API 디자인,,,1
위대한 침묵,,,1
유능한 상담사,,,1
유능한 상담사 워크북,,,1
유닉스의 탄생,,,1
유령여단,,,1
유혹하는 글쓰기,,,1
윤동주 전집,,,1
윤동주 평전,,,1
은하수를 여행하는 히치하이커를 위한 안내서,,,1
은혼1~6,,,6
음양사1~5,,,5
이 밤의 끝은 아마도,,,1
이것이 공부다,,,1
이것이 자바다,,,1
이기는 결정의 제 1원칙,,,1
이덕무 선집,,,1
이론과 실재,,,1
이야기 체조,,,1
이야기의 명제,,,1
이야기체조,,,1
이제 와서 날개라 해도,,,1
이지 드로잉 노트,,,1
이코(ICO),,,1
이토록 뜻밖의 뇌과학,,,1
이펙티브 자바,,,1
이펙티브 타입스크립트,,,1
익스트림 프로그래밍,,,1
익스트림 프로그래밍 인스톨드,,,1
인간의 마음을 사로잡는 스무가지 플롯,,,1
인간의 모든 성격,,,1
인생을 바꾸는 탐구 습관,,,1
인튜이션,,,1
인포메이션 아키텍처,,,1
일러스트 인체 포즈집,,,1
일반 물리학,,,1
일반역학,,,1
일본 라이트 노벨의 역사와 개관,,,1
일본어 무작정 따라하기,,,1
일본어 문법 무작정 따라하기,,,1
일본어 상용 한자 무작정 따라하기,,,1
일요일의 채식 레시피,,,1
일제 강점기 사회와 문화,,,1
자루 속의 뼈(상),,,1
자루 속의 뼈(하),,,1
자바 웹 프로그래밍 넥스트 스텝,,,1
자바 웹 프로그래밍 Next Step,,,1
자바 ORM 표준 JPA 프로그래밍,,,1
자바의 신,,,1
자바의 정석,,,1
자유주의적 정의,,,1
작문신공,,,1
잡아라! 텍스트 마이닝 with 파이썬,,,1
장르 - 역사이론연구교육,,,1
장밋빛 입맞춤,,,1
재즈 오디세이,,,1
적정 소프트웨어 아키텍처,,,1
전자기학,,,1
전태일 평전,,,1
젊고 아픈 여자들,,,1
정리하는 뇌,,,1
정의란 무엇인가,,,1
정의란 무엇인가는 틀렸다,,,1
정의론,,,1
정의론(로널드 드워킨) - 고슴도치를 위한 정의,,,1
정확한 사랑의 실험,,,1
제 13시대 - 괴물도감,,,1
제 13시대 - 엘돌란의 그림자들,,,1
제 13시대 -코어 룰 북,,,1
제럴드 와인버그의 글쓰기,,,1
제록스 팔로알토 연구소,,,1
제비뽑기,,,1
제왕의 위엄,,,1
조각맞추기,,,1
조상이야기,,,1
조이 이야기,,,1
존 롤즈의 정의론 읽기,,,1
좀비 서바이벌 가이드,,,1
종이 동물원,,,1
종이접기 - 세계의 곤충,,,1
종이접기 걸작선,,,1
종이접기 배우기,,,1
종이접기 백선7,,,1
종이접기 창작나라3,,,1
종이접기로 공룡을 만들자,,,1
좌백 무협 단편집,,,1
주제와 쟁점으로 읽는 한일관계사,,,1
죽음을 부탁하는 상냥한 방법,,,1
지상 최대의 쇼,,,1
지식제로부터 배우는 소프트웨어 테스트,,,1
지워진 이름 정여립,,,1
진실의 10m앞,,,1
"창의적 생각의 발견, 글쓰기",,,1
책의 역사 : 문자에서 텍스트로,,,1
처음 배우는 엘릭서 프로그래밍,,,1
처음 시작하는 파이썬,,,1
천국보다 성스러운,,,1
천사들의 제국1~2,,,2
천사들의 탐정,,,1
천체관측교실 - 밤하늘의 비밀,,,1
첫걸음 에스페란토,,,1
청춘을 위한 나라는 없다,,,1
초시간뇌,,,1
최악의 외계인,,,1
최후의 끽연자,,,1
충사 1~10,,,10
충사 특별편(해를 좀 먹는 그늘),,,1
카밍 시그널,,,1
카오스,,,1
카이젠 저니,,,1
카페 알파 1~10,,,10
칼이야기 1~5,,,5
캐릭터 공작소,,,1
캐릭터 메이커,,,1
캐릭터 소설 쓰는 법,,,1
캐릭터 중심의 시나리오 쓰기,,,1
캐릭터공작소,,,1
커넥트,,,1
코드 컴플리트,,,1
코인로커 베이비스,,,1
코틀린 함수형 프로그래밍,,,1
쿠드랴프카의 차례,,,1
크레이빙 마인드,,,1
크루그먼의 경제학,,,1
크루그먼의 경제학 해법,,,1
크툴루 컨피덴셜,,,1
크툴루의 부름 - 수호자 룰북,,,1
클린 소프트웨어,,,1
클린 아키첵처,,,1
클린 코드,,,1
킹의 몸값,,,1
탐서주의자의 책,,,1
탐험적 테스팅,,,1
태양의 탑 1~8,,,8
테스트 주도 개발,,,1
테스트주도 개발로 배우는 객체지향 설계와 실천,,,1
토비의 스프링,,,1
"통찰, 평범에서 비범으로",,,1
트렌트 최후의 사건,,,1
틀리지 않는 법,,,1
파우스트1~3,,,3
파이썬 알고리즘 인터뷰,,,1
파이썬으로 데이터 주무르기,,,1
파프리카 1,,,1
파프리카 1~2,,,2
판타지 유니버스 창작 가이드,,,1
페미니즘,,,1
페이트 코어 룰북,,,1
평가제도를 버려라,,,1
포도원의 파수견,,,1
포뮬러,,,1
포틴(4TEEN),,,1
폴라리스,,,1
표상의 언어에서 추론의 언어로,,,1
표상하기와 개입하기,,,1
푸른 묘점,,,1
풀코스 별자리 여행,,,1
프라이데이,,,1
프레임워크 없는 프런트엔드 개발,,,1
프렌즈,,,1
프린시플 오브 피직스(할리데이 원서),,,1
플리커 스타일,,,1
피아스코,,,1
피아스코 컴패니언,,,1
필립 말로 전집 1~6,,,6
필수세포생물학,,,1
하늘과 바람과 별과 시,,,1
하드보일드는 나의 힘,,,1
하이탑 물리II 2~3,,,1
하인라인 판타지,,,1
학술논문작성법,,,1
학습과학,,,1
학습이론 교육적 관점,,,1
학습하는 조직,,,1
한 푼도 못되는 그놈의 양반,,,1
한국 종이접기 컨벤션 창작작품 모음집 1회~5회,,,#VALUE!
한글 아함경,,,1
한자 암기 박사,,,1
한자사전,,,1
한자암기박사,,,1
할리데이 일반물리학,,,1
할리데이 일반물리학 문제 풀이집,,,1
함께 자라기,,,1
함수형 언어 산택,,,1
항상 앞 부분만 쓰다가 그만두는 당신을 위한 글쓰기 책,,,1
해밋 단편선 1~3,,,3
해밋 전집 1~5,,,5
해석역학,,,1
해석이론,,,1
해커와 화가,,,1
행복에 걸려 비틀거리다,,,1
행복한 프로그래밍,,,1
헤드 퍼스트 애자일,,,1
헤드퍼스트 디자인 패턴,,,1
혁신교육 철학을 만나다,,,1
현대 사회학,,,1
현대 정치철학의 이해,,,1
현대물리학,,,1
현대의 과학철학,,,1
"현실, 그 가슴 뛰는 마법",,,1
혈계전선 1~10,,,10
혈계전선 Back 2,,,7
형사 매그레 시리즈 1~19,,,19
호빗(HOBBIT),,,1
호연피망,,,1
혼자서 끝내는 논술 공부,,,1
홀연,,,1
홍등의 골목,,,1
화이트해커를 위한 웹 해킹 기술,,,1
환상의 여인,,,1
회귀천정사,,,1
휴먼 디비전1~2,,,2
힐 하우스의 유령,,,1
힘있는 글쓰기,,,1
a Book of set theory,,,1
A history of Western Thought,,,1
A History to open the Future,,,1
A/B테스트 인클루시브 디자인 패턴,,,1
ADHD의 인지행동치료,,,1
ADHD코칭,,,1
Android Studio를 활용한 안드로이드 프로그래밍,,,1
Badiou a subject to truth,,,1
beyond beliefs,,,1
Brief Coaching for Lasting Solutions,,,1
carrots and sticks don’t work,,,1
conversational arabic quick and easy,,,1
cosmos,,,1
cosmos possible worlds,,,1
DBT made simple,,,1
Domain Modeling made functional,,,1
Dune 1~6,,,6
elastic habits,,,1
Farther Brown,,,1
Getting things Done,,,1
GlassHouse,,,1
Go 프로그래밍 언어,,,1
GTD,,,1
hobbit,,,1
How to fix a broken heart,,,1
how to measure anything,,,1
Influence,,,1
IT인프라 구조,,,1
JLPT 급소공략 N3 문법,,,1
kant collections,,,1
Life Enriching Education,,,1
meditations,,,1
modern vim,,,1
natural running,,,1
NHK에 어서오세요,,,1
nvc small books 1~4,,,4
One Thousand and One Nights,,,1
OPIc 핵심패턴 233,,,1
Personal Kanban,,,1
plato complete works,,,1
practical vim,,,1
Python과 pygame으로 게임 만들기,,,1
QED 증명종료 1~7,,,7
Real MySQL,,,1
reality transurfing,,,1
red havest,,,1
say what you mean,,,1
software design for flexiblity,,,1
Switch,,,1
Tariq Ali The Islam Quintet,,,1
The art and science of staff fighting,,,1
The Art of Computer Programming,,,1
The Craving Mind,,,1
the Decameron,,,1
the dispossessed,,,1
the glass key,,,1
the go programming language,,,1
The Inner game of work,,,1
the left hand of darkness,,,1
The maltese Falcon,,,1
the martian,,,1
the mindful vegan,,,1
the mindful way workbook,,,1
the names of the rose,,,1
the sense of style,,,1
The signal and the noise,,,1
the small big,,,1
the undervalued self,,,1
The upward spiral handbook,,,1
The User’s guide to the human mind,,,1
the wind’s twelve quarters,,,1
Tucker의 Go언어 프로그래밍,,,1
UML실전에서는 이것만 쓴다,,,1
Why we love dogs eat pigs and wear cows,,,1
WHY나는 왜 이 일을 하는가 1~2,,,2
working effectivenly with legacy code,,,1
working minds,,,1
Working the Shadow Side,,,1
